url_encoded	url_decoded	fs_path_guess	fs_exists
/it-builder/wp-content/plugins/lw-wae-contents-editor/aos/slick.css%3Fver=6.1.7.css	/it-builder/wp-content/plugins/lw-wae-contents-editor/aos/slick.css?ver=6.1.7.css	it-builder/wp-content/plugins/lw-wae-contents-editor/aos/slick.css	N
/it-builder/wp-content/plugins/lw-wae-contents-editor/js/library.js%3Fver=1.1	/it-builder/wp-content/plugins/lw-wae-contents-editor/js/library.js?ver=1.1	it-builder/wp-content/plugins/lw-wae-contents-editor/js/library.js	N
/it-builder/wp-content/plugins/lw-wae-contents-editor/js/wae-section.js%3Fver=1.1	/it-builder/wp-content/plugins/lw-wae-contents-editor/js/wae-section.js?ver=1.1	it-builder/wp-content/plugins/lw-wae-contents-editor/js/wae-section.js	N
/it-builder/wp-content/themes/itbuilder-theme/resource/css/common.css%3F=1.2.2.css	/it-builder/wp-content/themes/itbuilder-theme/resource/css/common.css?=1.2.2.css	it-builder/wp-content/themes/itbuilder-theme/resource/css/common.css	N
/it-builder/wp-content/themes/itbuilder-theme/resource/css/print.css%3Fvar=0.1.css	/it-builder/wp-content/themes/itbuilder-theme/resource/css/print.css?var=0.1.css	it-builder/wp-content/themes/itbuilder-theme/resource/css/print.css	N
/it-builder/wp-content/themes/itbuilder-theme/resource/css/top.css%3F=1.0.1.css	/it-builder/wp-content/themes/itbuilder-theme/resource/css/top.css?=1.0.1.css	it-builder/wp-content/themes/itbuilder-theme/resource/css/top.css	N
/it-builder/wp-includes/css/classic-themes.min.css%3Fver=1.css	/it-builder/wp-includes/css/classic-themes.min.css?ver=1.css	it-builder/wp-includes/css/classic-themes.min.css	N
/it-builder/wp-includes/css/dist/block-library/style.min.css%3Fver=6.1.7.css	/it-builder/wp-includes/css/dist/block-library/style.min.css?ver=6.1.7.css	it-builder/wp-includes/css/dist/block-library/style.min.css	N
/it-builder/xmlrpc.php%3Frsd	/it-builder/xmlrpc.php?rsd	it-builder/xmlrpc.php	N
