file,line,attr,html_snippet
"it-builder/index.html","243","href","        <a href=""/_orphans/"" class=""detailBtn__anchor"">"
"it-builder/index.html","340","action","          <form id=""case-search"" action=""/_orphans/"" method=""post"">"
"it-builder/index.html","486","href","          <a href=""/_orphans/"" class=""detailBtn__anchor"">"
"it-builder/index.html","598","href","            <a href=""/_orphans/"" class=""installationList__btn"">詳しく見る</a>"
"it-builder/index.html","616","href","          <a href=""/_orphans/"" class=""detailBtn__anchor"">"
"it-builder/sitepolicy/index.html","27","href","    <link rel=""canonical"" href=""/_orphans/"" />"
"it-builder/join/index.html","27","href","    <link rel=""canonical"" href=""/_orphans/"" />"
"it-builder/join/index.html","48","href","        <a class=""sectionNav__anchor is-active"" href=""/_orphans/"">"
"it-builder/join/index.html","56","href","        <a class=""sectionNav__anchor--anders"" href=""/_orphans/"">"
"it-builder/join/index.html","64","href","        <a class=""sectionNav__anchor"" href=""/_orphans/"">"
"it-builder/join/index.html","72","href","        <a class=""sectionNav__anchor--anders"" href=""/_orphans/""><span class=""sectionNav__text"">利用開始後のサポートを知る</span></a>"
"it-builder/join/index.html","107","href","                <a class=""btnList__anchor"" href=""/_orphans/"">イットbuilderとは</a>"
"it-builder/join/index.html","110","href","                <a class=""btnList__anchor"" href=""/_orphans/"">イットbuilderが選ばれる理由</a>"
"it-builder/join/index.html","113","href","                <a class=""btnList__anchor"" href=""/_orphans/"">イットbuilderアプリ3つの作り方</a>"
"it-builder/join/index.html","116","href","                <a class=""btnList__anchor"" href=""/_orphans/"">高度なアプリ作成にもイットbuilder</a>"
"it-builder/join/index.html","119","href","                <a class=""btnList__anchor"" href=""/_orphans/"">活用例</a>"
"it-builder/join/index.html","143","href","                <a class=""wae-section-margin-none wae-section-emphas-strong"" href=""/_orphans/"">料金案内</a>"
"it-builder/join/index.html","200","href","                <a class=""btnList__anchor"" href=""/_orphans/"">料金案内</a>"
"it-builder/join/index.html","206","href","                <a class=""btnList__anchor"" href=""/_orphans/"">導入実績</a>"
"it-builder/join/index.html","303","href","                <a href=""/_orphans/"">こちら</a>"
"it-builder/join/index.html","424","href","              <a class=""downloadLink"" href=""/_orphans/"">"
"it-builder/join/index.html","434","href","                <a class=""btnList__anchor"" href=""/_orphans/"">ご利用中のお客さまへ</a>"
"it-builder/join/index.html","440","href","                <a class=""btnList__anchor"" href=""/_orphans/"">資料ダウンロード（マニュアルなど）</a>"
"it-builder/_orphans/p-10.html","27","href","    <link rel=""canonical"" href=""/_orphans/"" />"
"it-builder/_orphans/p-10.html","48","href","        <a href=""/_orphans/"" class=""sectionNav__anchor is-active""><span class=""sectionNav__text"">会社まるごと業務改善！</span></a>"
"it-builder/_orphans/p-10.html","51","href","        <a href=""/_orphans/"" class=""sectionNav__anchor""><span class=""sectionNav__text"">イットbuilderでできること</span></a>"
"it-builder/_orphans/p-10.html","54","href","        <a href=""/_orphans/"" class=""sectionNav__anchor""><span class=""sectionNav__text"">イットbuilder活用例</span></a>"
"it-builder/_orphans/p-10.html","57","href","        <a href=""/_orphans/"" class=""sectionNav__anchor--anders""><span class=""sectionNav__text"">各部署の業務例</span></a>"
"it-builder/_orphans/p-10.html","64","href","          <a href=""/_orphans/"" class=""aboutNav__list__anchor is-active"">イットbuilderとは</a>"
"it-builder/_orphans/p-10.html","67","href","          <a href=""/_orphans/"" class=""aboutNav__list__anchor"">"
"it-builder/_orphans/p-10.html","74","href","          <a href=""/_orphans/"" class=""aboutNav__list__anchor"">"
"it-builder/_orphans/p-10.html","81","href","          <a href=""/_orphans/"" class=""aboutNav__list__anchor"">"
"it-builder/_orphans/p-10.html","124","href","                  <a href=""/_orphans/"" class=""serviceBox__popup js-popupLink""></a>"
"it-builder/_orphans/p-10.html","132","href","                  <a href=""/_orphans/"" class=""serviceBox__popup js-popupLink""></a>"
"it-builder/_orphans/p-10.html","140","href","                  <a href=""/_orphans/"" class=""serviceBox__popup js-popupLink""></a>"
"it-builder/_orphans/p-10.html","148","href","                  <a href=""/_orphans/"" class=""serviceBox__popup js-popupLink""></a>"
"it-builder/_orphans/p-10.html","155","href","              <a href=""/_orphans/"" class=""accordionBtn js-accordionBtn"">もっと見る</a>"
"it-builder/_orphans/p-10.html","161","href","                  <a href=""/_orphans/"" class=""serviceBox__popup js-popupLink""></a>"
"it-builder/_orphans/p-10.html","169","href","                  <a href=""/_orphans/"" class=""serviceBox__popup js-popupLink""></a>"
"it-builder/_orphans/p-10.html","177","href","                  <a href=""/_orphans/"" class=""serviceBox__popup js-popupLink""></a>"
"it-builder/_orphans/p-10.html","185","href","                  <a href=""/_orphans/"" class=""serviceBox__popup js-popupLink""></a>"
"it-builder/_orphans/p-10.html","204","href","                  <a href=""/_orphans/"" class=""caseBox__popup js-popupLink""></a>"
"it-builder/_orphans/p-10.html","219","href","                  <a href=""/_orphans/"" class=""caseBox__popup js-popupLink""></a>"
"it-builder/_orphans/p-10.html","234","href","                  <a href=""/_orphans/"" class=""caseBox__popup js-popupLink""></a>"
"it-builder/_orphans/p-10.html","251","href","                <a href=""/_orphans/"" class=""accordionBtn js-accordionBtn"">もっと見る</a>"
"it-builder/_orphans/p-10.html","258","href","                      <a href=""/_orphans/"" class=""caseBoxSmall__popup js-popupLink""></a>"
"it-builder/_orphans/p-10.html","269","href","                      <a href=""/_orphans/"" class=""caseBoxSmall__popup js-popupLink""></a>"
"it-builder/_orphans/p-10.html","282","href","            <a href=""/_orphans/"" class=""detailBtn__anchor"">"
"it-builder/_orphans/p-10.html","462","href","              <a href=""/_orphans/"" class=""aboutSmallNav__anchor"">イットbuilderが選ばれる理由</a>"
"it-builder/_orphans/p-10.html","465","href","              <a href=""/_orphans/"" class=""aboutSmallNav__anchor"">イットbuilderアプリ3つの作り方</a>"
"it-builder/_orphans/p-10.html","468","href","              <a href=""/_orphans/"" class=""aboutSmallNav__anchor"">高度なアプリ作成にもイットbuilder</a>"
"it-builder/_orphans/p-10.html","473","href","              <a href=""/_orphans/"" class=""aboutSmallNav__anchor--support"">稼働環境</a>"
"it-builder/_orphans/p-10.html","476","href","              <a href=""/_orphans/"" class=""aboutSmallNav__anchor--support"">ご提供するアプリ部品</a>"
"it-builder/_orphans/p-10.html","479","href","              <a href=""/_orphans/"" class=""aboutSmallNav__anchor--support"">サポートするデータの種類</a>"
"it-builder/_orphans/p-11.html","27","href","    <link rel=""canonical"" href=""/_orphans/"" />"
"it-builder/_orphans/p-11.html","48","href","        <a href=""/_orphans/"" class=""sectionNav__anchor is-active""><span class=""sectionNav__text"">クラウドプラン</span></a>"
"it-builder/_orphans/p-11.html","51","href","        <a href=""/_orphans/"" class=""sectionNav__anchor""><span class=""sectionNav__text"">オプションプラン</span></a>"
"it-builder/_orphans/p-11.html","54","href","        <a href=""/_orphans/"" class=""sectionNav__anchor--anders""><span class=""sectionNav__text"">オンプレミスプラン</span></a>"
"it-builder/_orphans/p-11.html","1001","href","                        <a href=""/_orphans/"">こちら</a>"
"it-builder/_orphans/p-250.html","27","href","    <link rel=""canonical"" href=""/_orphans/"" />"
"it-builder/_orphans/p-250.html","55","href","                <a class=""wae-section-margin-small wae-section-emphas-moststrong"" href=""/_orphans/"">ご検討中のお客さまへ</a>"
"it-builder/_orphans/p-250.html","58","href","                <a class=""wae-section-margin-none wae-section-emphas-moststrong"" href=""/_orphans/"">ご利用中のお客さまへ</a>"
"it-builder/_orphans/p-250.html","61","href","                <a class=""wae-section-margin-small"" href=""/_orphans/"">資料ダウンロード</a>"
"it-builder/_orphans/p-250.html","64","href","                <a class=""wae-section-margin-none wae-section-emphas-moststrong"" href=""/_orphans/"">イットbuilderとは</a>"
"it-builder/_orphans/p-250.html","67","href","                <a class=""wae-section-margin-none wae-section-emphas-strong"" href=""/_orphans/"">イットbuilderが選ばれる理由</a>"
"it-builder/_orphans/p-250.html","70","href","                <a class=""wae-section-margin-none wae-section-emphas-strong"" href=""/_orphans/"">イットbuilderアプリ3つの作り方</a>"
"it-builder/_orphans/p-250.html","73","href","                <a class=""wae-section-margin-none wae-section-emphas-strong"" href=""/_orphans/"">高度なアプリ作成にもイットbuilder</a>"
"it-builder/_orphans/p-250.html","76","href","                <a class=""wae-section-margin-none"" href=""/_orphans/"">稼働環境</a>"
"it-builder/_orphans/p-250.html","79","href","                <a class=""wae-section-margin-none"" href=""/_orphans/"">ご提供するアプリ部品</a>"
"it-builder/_orphans/p-250.html","82","href","                <a class=""wae-section-margin-small"" href=""/_orphans/"">サポートするデータの種類</a>"
"it-builder/_orphans/p-250.html","87","href","                <a class=""wae-section-margin-small wae-section-emphas-moststrong"" href=""/_orphans/"">料金案内</a>"
"it-builder/_orphans/p-250.html","90","href","                <a class=""wae-section-margin-small wae-section-emphas-moststrong"" href=""/_orphans/"">活用例</a>"
"it-builder/_orphans/p-250.html","96","href","                <a class=""wae-section-margin-small wae-section-emphas-moststrong"" href=""/_orphans/"">導入実績</a>"
"it-builder/_orphans/p-250.html","105","href","                <a class=""wae-section-margin-none"" href=""/_orphans/"">サイトマップ</a>"
"it-builder/_orphans/p-250.html","108","href","                <a class=""wae-section-margin-small"" href=""/_orphans/"">サイトポリシー</a>"
"it-builder/_orphans/p-9.html","27","href","    <link rel=""canonical"" href=""/_orphans/"" />"
"it-builder/_orphans/p-9.html","57","href","        <a href=""/_orphans/"" class=""sectionNav__anchor is-active"">"
"it-builder/_orphans/p-9.html","65","href","        <a href=""/_orphans/"" class=""sectionNav__anchor--anders"">"
"it-builder/_orphans/p-9.html","99","href","                <a href=""/_orphans/"" class=""btnList__anchor"">"
"it-builder/_orphans/p-9.html","200","href","                <a href=""/_orphans/"" class=""btnList__anchor"">"
"it-builder/_orphans/p-9.html","208","href","                <a href=""/_orphans/"" class=""btnList__anchor"">"
"it-builder/_orphans/p-9.html","216","href","                <a href=""/_orphans/"" class=""btnList__anchor"">"
"it-builder/_orphans/p-9.html","224","href","                <a href=""/_orphans/"" class=""btnList__anchor"">"
"it-builder/_orphans/p-4339.html","27","href","    <link rel=""canonical"" href=""/_orphans/"" />"
"it-builder/_orphans/p-621.html","27","href","    <link rel=""canonical"" href=""/_orphans/"" />"
"it-builder/_orphans/p-621.html","213","href","              <a href=""/_orphans/"" class=""aboutSmallNav__anchor"">イットbuilderとは</a>"
"it-builder/_orphans/p-621.html","216","href","              <a href=""/_orphans/"" class=""aboutSmallNav__anchor"">イットbuilderが選ばれる理由</a>"
"it-builder/_orphans/p-621.html","219","href","              <a href=""/_orphans/"" class=""aboutSmallNav__anchor"">イットbuilderアプリ3つの作り方</a>"
"it-builder/_orphans/p-621.html","222","href","              <a href=""/_orphans/"" class=""aboutSmallNav__anchor"">高度なアプリ作成にもイットbuilder</a>"
"it-builder/_orphans/p-621.html","227","href","              <a href=""/_orphans/"" class=""aboutSmallNav__anchor--support"">稼働環境</a>"
"it-builder/_orphans/p-621.html","230","href","              <a href=""/_orphans/"" class=""aboutSmallNav__anchor--support"">ご提供するアプリ部品</a>"
"it-builder/_orphans/p-8.html","27","href","    <link rel=""canonical"" href=""/_orphans/"" />"
"it-builder/_orphans/p-8.html","48","href","        <a class=""sectionNav__anchor is-active"" href=""/_orphans/"">"
"it-builder/_orphans/p-8.html","56","href","        <a class=""sectionNav__anchor--anders"" href=""/_orphans/"">"
"it-builder/_orphans/p-8.html","64","href","        <a class=""sectionNav__anchor"" href=""/_orphans/"">"
"it-builder/_orphans/p-8.html","72","href","        <a class=""sectionNav__anchor--anders"" href=""/_orphans/""><span class=""sectionNav__text"">利用開始後のサポートを知る</span></a>"
"it-builder/_orphans/p-8.html","107","href","                <a class=""btnList__anchor"" href=""/_orphans/"">イットbuilderとは</a>"
"it-builder/_orphans/p-8.html","110","href","                <a class=""btnList__anchor"" href=""/_orphans/"">イットbuilderが選ばれる理由</a>"
"it-builder/_orphans/p-8.html","113","href","                <a class=""btnList__anchor"" href=""/_orphans/"">イットbuilderアプリ3つの作り方</a>"
"it-builder/_orphans/p-8.html","116","href","                <a class=""btnList__anchor"" href=""/_orphans/"">高度なアプリ作成にもイットbuilder</a>"
"it-builder/_orphans/p-8.html","119","href","                <a class=""btnList__anchor"" href=""/_orphans/"">活用例</a>"
"it-builder/_orphans/p-8.html","143","href","                <a class=""wae-section-margin-none wae-section-emphas-strong"" href=""/_orphans/"">料金案内</a>"
"it-builder/_orphans/p-8.html","200","href","                <a class=""btnList__anchor"" href=""/_orphans/"">料金案内</a>"
"it-builder/_orphans/p-8.html","206","href","                <a class=""btnList__anchor"" href=""/_orphans/"">導入実績</a>"
"it-builder/_orphans/p-8.html","303","href","                <a href=""/_orphans/"">こちら</a>"
"it-builder/_orphans/p-8.html","424","href","              <a class=""downloadLink"" href=""/_orphans/"">"
"it-builder/_orphans/p-8.html","434","href","                <a class=""btnList__anchor"" href=""/_orphans/"">ご利用中のお客さまへ</a>"
"it-builder/_orphans/p-8.html","440","href","                <a class=""btnList__anchor"" href=""/_orphans/"">資料ダウンロード（マニュアルなど）</a>"
"it-builder/_orphans/p-194.html","27","href","    <link rel=""canonical"" href=""/_orphans/"" />"
"it-builder/_orphans/p-194.html","51","href","              <a href=""/_orphans/"" class=""aboutNav__list__anchor"">イットbuilderとは</a>"
"it-builder/_orphans/p-194.html","54","href","              <a href=""/_orphans/"" class=""aboutNav__list__anchor"">"
"it-builder/_orphans/p-194.html","61","href","              <a href=""/_orphans/"" class=""aboutNav__list__anchor"">"
"it-builder/_orphans/p-194.html","68","href","              <a href=""/_orphans/"" class=""aboutNav__list__anchor is-active"">"
"it-builder/_orphans/p-194.html","98","href","              <a href=""/_orphans/"" class=""pageLink__anchor""><span>条件による分岐機能部品</span></a>"
"it-builder/_orphans/p-194.html","101","href","              <a href=""/_orphans/"" class=""pageLink__anchor""><span>自動入力機能</span></a>"
"it-builder/_orphans/p-194.html","104","href","              <a href=""/_orphans/"" class=""pageLink__anchor""><span>1対N形式データ表示機能</span></a>"
"it-builder/_orphans/p-194.html","107","href","              <a href=""/_orphans/"" class=""pageLink__anchor""><span>PDF出力機能</span></a>"
"it-builder/_orphans/p-194.html","110","href","              <a href=""/_orphans/"" class=""pageLink__anchor""><span>Excel出力機能</span></a>"
"it-builder/_orphans/p-194.html","113","href","              <a href=""/_orphans/"" class=""pageLink__anchor""><span>CSV出力機能</span></a>"
"it-builder/_orphans/p-194.html","116","href","              <a href=""/_orphans/"" class=""pageLink__anchor""><span>表形式データ編集機能</span></a>"
"it-builder/_orphans/p-194.html","119","href","              <a href=""/_orphans/"" class=""pageLink__anchor""><span>バッチアプリ作成機能</span></a>"
"it-builder/_orphans/p-194.html","122","href","              <a href=""/_orphans/"" class=""pageLink__anchor""><span>ドキュメント作成機能</span></a>"
"it-builder/_orphans/p-194.html","125","href","              <a href=""/_orphans/"" class=""pageLink__anchor""><span>複数ユーザーマスター作成機能</span></a>"
"it-builder/_orphans/p-194.html","128","href","              <a href=""/_orphans/"" class=""pageLink__anchor""><span>認証基盤との連携機能</span></a>"
"it-builder/_orphans/p-194.html","131","href","              <a href=""/_orphans/"" class=""pageLink__anchor""><span>JavaScript組み込み機能</span></a>"
"it-builder/_orphans/p-194.html","134","href","              <a href=""/_orphans/"" class=""pageLink__anchor""><span>他システムと連携するための外部API実行部品</span></a>"
"it-builder/_orphans/p-194.html","137","href","              <a href=""/_orphans/"" class=""pageLink__anchor"">"
"it-builder/_orphans/p-194.html","428","href","              <a href=""/_orphans/"" class=""aboutSmallNav__anchor"">イットbuilderとは</a>"
"it-builder/_orphans/p-194.html","431","href","              <a href=""/_orphans/"" class=""aboutSmallNav__anchor"">イットbuilderが選ばれる理由</a>"
"it-builder/_orphans/p-194.html","434","href","              <a href=""/_orphans/"" class=""aboutSmallNav__anchor"">イットbuilderアプリ3つの作り方</a>"
"it-builder/_orphans/p-194.html","439","href","              <a href=""/_orphans/"" class=""aboutSmallNav__anchor--support"">稼働環境</a>"
"it-builder/_orphans/p-194.html","442","href","              <a href=""/_orphans/"" class=""aboutSmallNav__anchor--support"">ご提供するアプリ部品</a>"
"it-builder/_orphans/p-194.html","445","href","              <a href=""/_orphans/"" class=""aboutSmallNav__anchor--support"">サポートするデータの種類</a>"
"it-builder/_orphans/p-198.html","27","href","    <link rel=""canonical"" href=""/_orphans/"" />"
"it-builder/_orphans/p-195.html","27","href","    <link rel=""canonical"" href=""/_orphans/"" />"
"it-builder/_orphans/p-195.html","161","href","              <a href=""/_orphans/"" class=""aboutSmallNav__anchor"">イットbuilderとは</a>"
"it-builder/_orphans/p-195.html","164","href","              <a href=""/_orphans/"" class=""aboutSmallNav__anchor"">イットbuilderが選ばれる理由</a>"
"it-builder/_orphans/p-195.html","167","href","              <a href=""/_orphans/"" class=""aboutSmallNav__anchor"">イットbuilderアプリ3つの作り方</a>"
"it-builder/_orphans/p-195.html","170","href","              <a href=""/_orphans/"" class=""aboutSmallNav__anchor"">高度なアプリ作成にもイットbuilder</a>"
"it-builder/_orphans/p-195.html","175","href","              <a href=""/_orphans/"" class=""aboutSmallNav__anchor--support"">ご提供するアプリ部品</a>"
"it-builder/_orphans/p-195.html","178","href","              <a href=""/_orphans/"" class=""aboutSmallNav__anchor--support"">サポートするデータの種類</a>"
"it-builder/_orphans/p-12.html","27","href","    <link rel=""canonical"" href=""/_orphans/"" />"
"it-builder/_orphans/p-12.html","56","action","          <form id=""case-search"" action=""/_orphans/"" method=""post"">"
"it-builder/_orphans/p-12.html","61","href","                  <a href=""/_orphans/"" class=""searchBox__tab__anchor js-searchTab"">部門</a>"
"it-builder/_orphans/p-12.html","64","href","                  <a href=""/_orphans/"" class=""searchBox__tab__anchor js-searchTab"">目的</a>"
"it-builder/_orphans/p-12.html","67","href","                  <a href=""/_orphans/"" class=""searchBox__tab__anchor js-searchTab"">機能</a>"
"it-builder/_orphans/p-12.html","203","href","                <a href=""/_orphans/"" class=""filterBox__list__reset js-none""></a>"
"it-builder/_orphans/p-12.html","393","href","          <a href=""/_orphans/"" class=""detailBtn__anchor"">"
"it-builder/_orphans/p-193.html","27","href","    <link rel=""canonical"" href=""/_orphans/"" />"
"it-builder/_orphans/p-193.html","51","href","              <a href=""/_orphans/"" class=""aboutNav__list__anchor"">イットbuilderとは</a>"
"it-builder/_orphans/p-193.html","54","href","              <a href=""/_orphans/"" class=""aboutNav__list__anchor"">"
"it-builder/_orphans/p-193.html","61","href","              <a href=""/_orphans/"" class=""aboutNav__list__anchor is-active"">"
"it-builder/_orphans/p-193.html","68","href","              <a href=""/_orphans/"" class=""aboutNav__list__anchor"">"
"it-builder/_orphans/p-193.html","210","href","                <a class=""wae-section-button wae-section-margin-none wae-section-emphas-strong"" href=""/_orphans/"">活用例</a>"
"it-builder/_orphans/p-193.html","220","href","              <a href=""/_orphans/"" class=""aboutSmallNav__anchor"">イットbuilderとは</a>"
"it-builder/_orphans/p-193.html","223","href","              <a href=""/_orphans/"" class=""aboutSmallNav__anchor"">イットbuilderが選ばれる理由</a>"
"it-builder/_orphans/p-193.html","226","href","              <a href=""/_orphans/"" class=""aboutSmallNav__anchor"">高度なアプリ作成にもイットbuilder</a>"
"it-builder/_orphans/p-193.html","231","href","              <a href=""/_orphans/"" class=""aboutSmallNav__anchor--support"">稼働環境</a>"
"it-builder/_orphans/p-193.html","234","href","              <a href=""/_orphans/"" class=""aboutSmallNav__anchor--support"">ご提供するアプリ部品</a>"
"it-builder/_orphans/p-193.html","237","href","              <a href=""/_orphans/"" class=""aboutSmallNav__anchor--support"">サポートするデータの種類</a>"
"it-builder/_orphans/p-13.html","27","href","    <link rel=""canonical"" href=""/_orphans/"" />"
"it-builder/_orphans/p-13.html","62","href","              <a href=""/_orphans/"" class=""installationList__btn"">詳しく見る</a>"
"it-builder/_orphans/p-330.html","27","href","    <link rel=""canonical"" href=""/_orphans/"" />"
"it-builder/includes/footer.html","7","href","            <a href=""/_orphans/"" class=""footCustomer__anchor"">"
"it-builder/includes/footer.html","15","href","            <a href=""/_orphans/"" class=""footCustomer__anchor"">"
"it-builder/includes/footer.html","25","href","            <a href=""/_orphans/"" class=""footerNav__anchor"">イットbuilderとは</a>"
"it-builder/includes/footer.html","28","href","            <a href=""/_orphans/"" class=""footerNav__anchor"">料金案内</a>"
"it-builder/includes/footer.html","34","href","            <a href=""/_orphans/"" class=""footerNav__anchor"">活用例</a>"
"it-builder/includes/footer.html","37","href","            <a href=""/_orphans/"" class=""footerNav__anchor"">導入実績</a>"
"it-builder/includes/footer.html","52","href","          <a href=""/_orphans/"" class=""footSubNav__anchor"">サイトマップ</a>"
"it-builder/includes/footer.html","62","href","          <a href=""/_orphans/"" class=""footSubNav__anchor"">サイトポリシー</a>"
"it-builder/includes/header.html","9","href","        <a href=""/_orphans/"" class=""customerMenu__anchor"">"
"it-builder/includes/header.html","17","href","        <a href=""/_orphans/"" class=""customerMenu__anchor"">"
"it-builder/includes/header.html","47","href","        <a href=""/_orphans/"" class=""spCustomerMenu__anchor"">"
"it-builder/includes/header.html","59","href","        <a href=""/_orphans/"" class=""spCustomerMenu__anchor"">"
"it-builder/includes/header.html","73","href","        <a href=""/_orphans/"" class=""gnavList__anchor--about"">"
"it-builder/includes/header.html","81","href","        <a href=""/_orphans/"" class=""gnavList__anchor--cost"">"
"it-builder/includes/header.html","89","href","        <a href=""/_orphans/"" class=""gnavList__anchor--case"">"
"it-builder/includes/header.html","105","href","        <a href=""/_orphans/"" class=""gnavList__anchor--installation"">"
"it-builder/includes/header.html","126","href","        <a href=""/_orphans/"" class=""subNav__anchor"">サイトマップ</a>"
"it-builder/includes/header.html","132","href","        <a href=""/_orphans/"" class=""subNav__anchor"">サイトポリシー</a>"
"it-builder/sitemap/index.html","27","href","    <link rel=""canonical"" href=""/_orphans/"" />"
"it-builder/sitemap/index.html","55","href","                <a class=""wae-section-margin-small wae-section-emphas-moststrong"" href=""/_orphans/"">ご検討中のお客さまへ</a>"
"it-builder/sitemap/index.html","58","href","                <a class=""wae-section-margin-none wae-section-emphas-moststrong"" href=""/_orphans/"">ご利用中のお客さまへ</a>"
"it-builder/sitemap/index.html","61","href","                <a class=""wae-section-margin-small"" href=""/_orphans/"">資料ダウンロード</a>"
"it-builder/sitemap/index.html","64","href","                <a class=""wae-section-margin-none wae-section-emphas-moststrong"" href=""/_orphans/"">イットbuilderとは</a>"
"it-builder/sitemap/index.html","67","href","                <a class=""wae-section-margin-none wae-section-emphas-strong"" href=""/_orphans/"">イットbuilderが選ばれる理由</a>"
"it-builder/sitemap/index.html","70","href","                <a class=""wae-section-margin-none wae-section-emphas-strong"" href=""/_orphans/"">イットbuilderアプリ3つの作り方</a>"
"it-builder/sitemap/index.html","73","href","                <a class=""wae-section-margin-none wae-section-emphas-strong"" href=""/_orphans/"">高度なアプリ作成にもイットbuilder</a>"
"it-builder/sitemap/index.html","76","href","                <a class=""wae-section-margin-none"" href=""/_orphans/"">稼働環境</a>"
"it-builder/sitemap/index.html","79","href","                <a class=""wae-section-margin-none"" href=""/_orphans/"">ご提供するアプリ部品</a>"
"it-builder/sitemap/index.html","82","href","                <a class=""wae-section-margin-small"" href=""/_orphans/"">サポートするデータの種類</a>"
"it-builder/sitemap/index.html","87","href","                <a class=""wae-section-margin-small wae-section-emphas-moststrong"" href=""/_orphans/"">料金案内</a>"
"it-builder/sitemap/index.html","90","href","                <a class=""wae-section-margin-small wae-section-emphas-moststrong"" href=""/_orphans/"">活用例</a>"
"it-builder/sitemap/index.html","96","href","                <a class=""wae-section-margin-small wae-section-emphas-moststrong"" href=""/_orphans/"">導入実績</a>"
"it-builder/sitemap/index.html","105","href","                <a class=""wae-section-margin-none"" href=""/_orphans/"">サイトマップ</a>"
"it-builder/sitemap/index.html","108","href","                <a class=""wae-section-margin-small"" href=""/_orphans/"">サイトポリシー</a>"
"it-builder/user/index.html","27","href","    <link rel=""canonical"" href=""/_orphans/"" />"
"it-builder/user/index.html","57","href","        <a href=""/_orphans/"" class=""sectionNav__anchor is-active"">"
"it-builder/user/index.html","65","href","        <a href=""/_orphans/"" class=""sectionNav__anchor--anders"">"
"it-builder/user/index.html","99","href","                <a href=""/_orphans/"" class=""btnList__anchor"">"
"it-builder/user/index.html","200","href","                <a href=""/_orphans/"" class=""btnList__anchor"">"
"it-builder/user/index.html","208","href","                <a href=""/_orphans/"" class=""btnList__anchor"">"
"it-builder/user/index.html","216","href","                <a href=""/_orphans/"" class=""btnList__anchor"">"
"it-builder/user/index.html","224","href","                <a href=""/_orphans/"" class=""btnList__anchor"">"
"it-builder/user/download/index.html","27","href","    <link rel=""canonical"" href=""/_orphans/"" />"
"it-builder/about/index.html","27","href","    <link rel=""canonical"" href=""/_orphans/"" />"
"it-builder/about/index.html","48","href","        <a href=""/_orphans/"" class=""sectionNav__anchor is-active""><span class=""sectionNav__text"">会社まるごと業務改善！</span></a>"
"it-builder/about/index.html","51","href","        <a href=""/_orphans/"" class=""sectionNav__anchor""><span class=""sectionNav__text"">イットbuilderでできること</span></a>"
"it-builder/about/index.html","54","href","        <a href=""/_orphans/"" class=""sectionNav__anchor""><span class=""sectionNav__text"">イットbuilder活用例</span></a>"
"it-builder/about/index.html","57","href","        <a href=""/_orphans/"" class=""sectionNav__anchor--anders""><span class=""sectionNav__text"">各部署の業務例</span></a>"
"it-builder/about/index.html","64","href","          <a href=""/_orphans/"" class=""aboutNav__list__anchor is-active"">イットbuilderとは</a>"
"it-builder/about/index.html","67","href","          <a href=""/_orphans/"" class=""aboutNav__list__anchor"">"
"it-builder/about/index.html","74","href","          <a href=""/_orphans/"" class=""aboutNav__list__anchor"">"
"it-builder/about/index.html","81","href","          <a href=""/_orphans/"" class=""aboutNav__list__anchor"">"
"it-builder/about/index.html","124","href","                  <a href=""/_orphans/"" class=""serviceBox__popup js-popupLink""></a>"
"it-builder/about/index.html","132","href","                  <a href=""/_orphans/"" class=""serviceBox__popup js-popupLink""></a>"
"it-builder/about/index.html","140","href","                  <a href=""/_orphans/"" class=""serviceBox__popup js-popupLink""></a>"
"it-builder/about/index.html","148","href","                  <a href=""/_orphans/"" class=""serviceBox__popup js-popupLink""></a>"
"it-builder/about/index.html","155","href","              <a href=""/_orphans/"" class=""accordionBtn js-accordionBtn"">もっと見る</a>"
"it-builder/about/index.html","161","href","                  <a href=""/_orphans/"" class=""serviceBox__popup js-popupLink""></a>"
"it-builder/about/index.html","169","href","                  <a href=""/_orphans/"" class=""serviceBox__popup js-popupLink""></a>"
"it-builder/about/index.html","177","href","                  <a href=""/_orphans/"" class=""serviceBox__popup js-popupLink""></a>"
"it-builder/about/index.html","185","href","                  <a href=""/_orphans/"" class=""serviceBox__popup js-popupLink""></a>"
"it-builder/about/index.html","204","href","                  <a href=""/_orphans/"" class=""caseBox__popup js-popupLink""></a>"
"it-builder/about/index.html","219","href","                  <a href=""/_orphans/"" class=""caseBox__popup js-popupLink""></a>"
"it-builder/about/index.html","234","href","                  <a href=""/_orphans/"" class=""caseBox__popup js-popupLink""></a>"
"it-builder/about/index.html","251","href","                <a href=""/_orphans/"" class=""accordionBtn js-accordionBtn"">もっと見る</a>"
"it-builder/about/index.html","258","href","                      <a href=""/_orphans/"" class=""caseBoxSmall__popup js-popupLink""></a>"
"it-builder/about/index.html","269","href","                      <a href=""/_orphans/"" class=""caseBoxSmall__popup js-popupLink""></a>"
"it-builder/about/index.html","282","href","            <a href=""/_orphans/"" class=""detailBtn__anchor"">"
"it-builder/about/index.html","462","href","              <a href=""/_orphans/"" class=""aboutSmallNav__anchor"">イットbuilderが選ばれる理由</a>"
"it-builder/about/index.html","465","href","              <a href=""/_orphans/"" class=""aboutSmallNav__anchor"">イットbuilderアプリ3つの作り方</a>"
"it-builder/about/index.html","468","href","              <a href=""/_orphans/"" class=""aboutSmallNav__anchor"">高度なアプリ作成にもイットbuilder</a>"
"it-builder/about/index.html","473","href","              <a href=""/_orphans/"" class=""aboutSmallNav__anchor--support"">稼働環境</a>"
"it-builder/about/index.html","476","href","              <a href=""/_orphans/"" class=""aboutSmallNav__anchor--support"">ご提供するアプリ部品</a>"
"it-builder/about/index.html","479","href","              <a href=""/_orphans/"" class=""aboutSmallNav__anchor--support"">サポートするデータの種類</a>"
"it-builder/about/advanced_case/index.html","27","href","    <link rel=""canonical"" href=""/_orphans/"" />"
"it-builder/about/advanced_case/index.html","51","href","              <a href=""/_orphans/"" class=""aboutNav__list__anchor"">イットbuilderとは</a>"
"it-builder/about/advanced_case/index.html","54","href","              <a href=""/_orphans/"" class=""aboutNav__list__anchor"">"
"it-builder/about/advanced_case/index.html","61","href","              <a href=""/_orphans/"" class=""aboutNav__list__anchor"">"
"it-builder/about/advanced_case/index.html","68","href","              <a href=""/_orphans/"" class=""aboutNav__list__anchor is-active"">"
"it-builder/about/advanced_case/index.html","98","href","              <a href=""/_orphans/"" class=""pageLink__anchor""><span>条件による分岐機能部品</span></a>"
"it-builder/about/advanced_case/index.html","101","href","              <a href=""/_orphans/"" class=""pageLink__anchor""><span>自動入力機能</span></a>"
"it-builder/about/advanced_case/index.html","104","href","              <a href=""/_orphans/"" class=""pageLink__anchor""><span>1対N形式データ表示機能</span></a>"
"it-builder/about/advanced_case/index.html","107","href","              <a href=""/_orphans/"" class=""pageLink__anchor""><span>PDF出力機能</span></a>"
"it-builder/about/advanced_case/index.html","110","href","              <a href=""/_orphans/"" class=""pageLink__anchor""><span>Excel出力機能</span></a>"
"it-builder/about/advanced_case/index.html","113","href","              <a href=""/_orphans/"" class=""pageLink__anchor""><span>CSV出力機能</span></a>"
"it-builder/about/advanced_case/index.html","116","href","              <a href=""/_orphans/"" class=""pageLink__anchor""><span>表形式データ編集機能</span></a>"
"it-builder/about/advanced_case/index.html","119","href","              <a href=""/_orphans/"" class=""pageLink__anchor""><span>バッチアプリ作成機能</span></a>"
"it-builder/about/advanced_case/index.html","122","href","              <a href=""/_orphans/"" class=""pageLink__anchor""><span>ドキュメント作成機能</span></a>"
"it-builder/about/advanced_case/index.html","125","href","              <a href=""/_orphans/"" class=""pageLink__anchor""><span>複数ユーザーマスター作成機能</span></a>"
"it-builder/about/advanced_case/index.html","128","href","              <a href=""/_orphans/"" class=""pageLink__anchor""><span>認証基盤との連携機能</span></a>"
"it-builder/about/advanced_case/index.html","131","href","              <a href=""/_orphans/"" class=""pageLink__anchor""><span>JavaScript組み込み機能</span></a>"
"it-builder/about/advanced_case/index.html","134","href","              <a href=""/_orphans/"" class=""pageLink__anchor""><span>他システムと連携するための外部API実行部品</span></a>"
"it-builder/about/advanced_case/index.html","137","href","              <a href=""/_orphans/"" class=""pageLink__anchor"">"
"it-builder/about/advanced_case/index.html","428","href","              <a href=""/_orphans/"" class=""aboutSmallNav__anchor"">イットbuilderとは</a>"
"it-builder/about/advanced_case/index.html","431","href","              <a href=""/_orphans/"" class=""aboutSmallNav__anchor"">イットbuilderが選ばれる理由</a>"
"it-builder/about/advanced_case/index.html","434","href","              <a href=""/_orphans/"" class=""aboutSmallNav__anchor"">イットbuilderアプリ3つの作り方</a>"
"it-builder/about/advanced_case/index.html","439","href","              <a href=""/_orphans/"" class=""aboutSmallNav__anchor--support"">稼働環境</a>"
"it-builder/about/advanced_case/index.html","442","href","              <a href=""/_orphans/"" class=""aboutSmallNav__anchor--support"">ご提供するアプリ部品</a>"
"it-builder/about/advanced_case/index.html","445","href","              <a href=""/_orphans/"" class=""aboutSmallNav__anchor--support"">サポートするデータの種類</a>"
"it-builder/about/requirements/index.html","27","href","    <link rel=""canonical"" href=""/_orphans/"" />"
"it-builder/about/requirements/index.html","161","href","              <a href=""/_orphans/"" class=""aboutSmallNav__anchor"">イットbuilderとは</a>"
"it-builder/about/requirements/index.html","164","href","              <a href=""/_orphans/"" class=""aboutSmallNav__anchor"">イットbuilderが選ばれる理由</a>"
"it-builder/about/requirements/index.html","167","href","              <a href=""/_orphans/"" class=""aboutSmallNav__anchor"">イットbuilderアプリ3つの作り方</a>"
"it-builder/about/requirements/index.html","170","href","              <a href=""/_orphans/"" class=""aboutSmallNav__anchor"">高度なアプリ作成にもイットbuilder</a>"
"it-builder/about/requirements/index.html","175","href","              <a href=""/_orphans/"" class=""aboutSmallNav__anchor--support"">ご提供するアプリ部品</a>"
"it-builder/about/requirements/index.html","178","href","              <a href=""/_orphans/"" class=""aboutSmallNav__anchor--support"">サポートするデータの種類</a>"
"it-builder/about/how_to_make/index.html","27","href","    <link rel=""canonical"" href=""/_orphans/"" />"
"it-builder/about/how_to_make/index.html","51","href","              <a href=""/_orphans/"" class=""aboutNav__list__anchor"">イットbuilderとは</a>"
"it-builder/about/how_to_make/index.html","54","href","              <a href=""/_orphans/"" class=""aboutNav__list__anchor"">"
"it-builder/about/how_to_make/index.html","61","href","              <a href=""/_orphans/"" class=""aboutNav__list__anchor is-active"">"
"it-builder/about/how_to_make/index.html","68","href","              <a href=""/_orphans/"" class=""aboutNav__list__anchor"">"
"it-builder/about/how_to_make/index.html","210","href","                <a class=""wae-section-button wae-section-margin-none wae-section-emphas-strong"" href=""/_orphans/"">活用例</a>"
"it-builder/about/how_to_make/index.html","220","href","              <a href=""/_orphans/"" class=""aboutSmallNav__anchor"">イットbuilderとは</a>"
"it-builder/about/how_to_make/index.html","223","href","              <a href=""/_orphans/"" class=""aboutSmallNav__anchor"">イットbuilderが選ばれる理由</a>"
"it-builder/about/how_to_make/index.html","226","href","              <a href=""/_orphans/"" class=""aboutSmallNav__anchor"">高度なアプリ作成にもイットbuilder</a>"
"it-builder/about/how_to_make/index.html","231","href","              <a href=""/_orphans/"" class=""aboutSmallNav__anchor--support"">稼働環境</a>"
"it-builder/about/how_to_make/index.html","234","href","              <a href=""/_orphans/"" class=""aboutSmallNav__anchor--support"">ご提供するアプリ部品</a>"
"it-builder/about/how_to_make/index.html","237","href","              <a href=""/_orphans/"" class=""aboutSmallNav__anchor--support"">サポートするデータの種類</a>"
"it-builder/about/data/index.html","27","href","    <link rel=""canonical"" href=""/_orphans/"" />"
"it-builder/about/data/index.html","213","href","              <a href=""/_orphans/"" class=""aboutSmallNav__anchor"">イットbuilderとは</a>"
"it-builder/about/data/index.html","216","href","              <a href=""/_orphans/"" class=""aboutSmallNav__anchor"">イットbuilderが選ばれる理由</a>"
"it-builder/about/data/index.html","219","href","              <a href=""/_orphans/"" class=""aboutSmallNav__anchor"">イットbuilderアプリ3つの作り方</a>"
"it-builder/about/data/index.html","222","href","              <a href=""/_orphans/"" class=""aboutSmallNav__anchor"">高度なアプリ作成にもイットbuilder</a>"
"it-builder/about/data/index.html","227","href","              <a href=""/_orphans/"" class=""aboutSmallNav__anchor--support"">稼働環境</a>"
"it-builder/about/data/index.html","230","href","              <a href=""/_orphans/"" class=""aboutSmallNav__anchor--support"">ご提供するアプリ部品</a>"
"it-builder/installation/index.html","27","href","    <link rel=""canonical"" href=""/_orphans/"" />"
"it-builder/installation/index.html","62","href","              <a href=""/_orphans/"" class=""installationList__btn"">詳しく見る</a>"
"it-builder/installation/meisin/index.html","27","href","    <link rel=""canonical"" href=""/_orphans/"" />"
"it-builder/price/index.html","27","href","    <link rel=""canonical"" href=""/_orphans/"" />"
"it-builder/price/index.html","48","href","        <a href=""/_orphans/"" class=""sectionNav__anchor is-active""><span class=""sectionNav__text"">クラウドプラン</span></a>"
"it-builder/price/index.html","51","href","        <a href=""/_orphans/"" class=""sectionNav__anchor""><span class=""sectionNav__text"">オプションプラン</span></a>"
"it-builder/price/index.html","54","href","        <a href=""/_orphans/"" class=""sectionNav__anchor--anders""><span class=""sectionNav__text"">オンプレミスプラン</span></a>"
"it-builder/price/index.html","1001","href","                        <a href=""/_orphans/"">こちら</a>"
"it-builder/news/news0004074/index.html","75","href","                    <a href=""/_orphans/"">「資料ダウンロード」</a>"
"it-builder/news/news0004074/index-from-root-p4074.html","75","href","                    <a href=""/_orphans/"">「資料ダウンロード」</a>"
"it-builder/news/news0002452/index.html","69","href","                    <a class=""wae-section-margin-none wae-section-emphas-strong"" href=""/_orphans/"">料金案内</a>"
"it-builder/news/news0002452/index-from-root-p2452.html","69","href","                    <a class=""wae-section-margin-none wae-section-emphas-strong"" href=""/_orphans/"">料金案内</a>"
"it-builder/news/news0003978/index.html","78","href","                    <a href=""/_orphans/"">「資料ダウンロード」</a>"
"it-builder/news/news0003978/index-from-root-p3978.html","78","href","                    <a href=""/_orphans/"">「資料ダウンロード」</a>"
"it-builder/news/news0004103/index.html","79","href","                    <a href=""/_orphans/"">「資料ダウンロード」</a>"
"it-builder/news/news0004103/index-from-root-p4103.html","79","href","                    <a href=""/_orphans/"">「資料ダウンロード」</a>"
"it-builder/case/index.html","27","href","    <link rel=""canonical"" href=""/_orphans/"" />"
"it-builder/case/index.html","56","action","          <form id=""case-search"" action=""/_orphans/"" method=""post"">"
"it-builder/case/index.html","61","href","                  <a href=""/_orphans/"" class=""searchBox__tab__anchor js-searchTab"">部門</a>"
"it-builder/case/index.html","64","href","                  <a href=""/_orphans/"" class=""searchBox__tab__anchor js-searchTab"">目的</a>"
"it-builder/case/index.html","67","href","                  <a href=""/_orphans/"" class=""searchBox__tab__anchor js-searchTab"">機能</a>"
"it-builder/case/index.html","203","href","                <a href=""/_orphans/"" class=""filterBox__list__reset js-none""></a>"
"it-builder/case/index.html","393","href","          <a href=""/_orphans/"" class=""detailBtn__anchor"">"
"it-builder/sitepolicy/index.html","27","canonical","    <link rel=""canonical"" href=""/_orphans/"" />"
"it-builder/join/index.html","27","canonical","    <link rel=""canonical"" href=""/_orphans/"" />"
"it-builder/_orphans/p-10.html","27","canonical","    <link rel=""canonical"" href=""/_orphans/"" />"
"it-builder/_orphans/p-11.html","27","canonical","    <link rel=""canonical"" href=""/_orphans/"" />"
"it-builder/_orphans/p-250.html","27","canonical","    <link rel=""canonical"" href=""/_orphans/"" />"
"it-builder/_orphans/p-9.html","27","canonical","    <link rel=""canonical"" href=""/_orphans/"" />"
"it-builder/_orphans/p-4339.html","27","canonical","    <link rel=""canonical"" href=""/_orphans/"" />"
"it-builder/_orphans/p-621.html","27","canonical","    <link rel=""canonical"" href=""/_orphans/"" />"
"it-builder/_orphans/p-8.html","27","canonical","    <link rel=""canonical"" href=""/_orphans/"" />"
"it-builder/_orphans/p-194.html","27","canonical","    <link rel=""canonical"" href=""/_orphans/"" />"
"it-builder/_orphans/p-198.html","27","canonical","    <link rel=""canonical"" href=""/_orphans/"" />"
"it-builder/_orphans/p-195.html","27","canonical","    <link rel=""canonical"" href=""/_orphans/"" />"
"it-builder/_orphans/p-12.html","27","canonical","    <link rel=""canonical"" href=""/_orphans/"" />"
"it-builder/_orphans/p-193.html","27","canonical","    <link rel=""canonical"" href=""/_orphans/"" />"
"it-builder/_orphans/p-13.html","27","canonical","    <link rel=""canonical"" href=""/_orphans/"" />"
"it-builder/_orphans/p-330.html","27","canonical","    <link rel=""canonical"" href=""/_orphans/"" />"
"it-builder/sitemap/index.html","27","canonical","    <link rel=""canonical"" href=""/_orphans/"" />"
"it-builder/user/index.html","27","canonical","    <link rel=""canonical"" href=""/_orphans/"" />"
"it-builder/user/download/index.html","27","canonical","    <link rel=""canonical"" href=""/_orphans/"" />"
"it-builder/about/index.html","27","canonical","    <link rel=""canonical"" href=""/_orphans/"" />"
"it-builder/about/advanced_case/index.html","27","canonical","    <link rel=""canonical"" href=""/_orphans/"" />"
"it-builder/about/requirements/index.html","27","canonical","    <link rel=""canonical"" href=""/_orphans/"" />"
"it-builder/about/how_to_make/index.html","27","canonical","    <link rel=""canonical"" href=""/_orphans/"" />"
"it-builder/about/data/index.html","27","canonical","    <link rel=""canonical"" href=""/_orphans/"" />"
"it-builder/installation/index.html","27","canonical","    <link rel=""canonical"" href=""/_orphans/"" />"
"it-builder/installation/meisin/index.html","27","canonical","    <link rel=""canonical"" href=""/_orphans/"" />"
"it-builder/price/index.html","27","canonical","    <link rel=""canonical"" href=""/_orphans/"" />"
"it-builder/case/index.html","27","canonical","    <link rel=""canonical"" href=""/_orphans/"" />"
